id,circle_id,contract_id,event_type,wallet_address,amount_xlm,tx_hash,created_at
121,16,CDPLF2WY4NH57MYABBKLSPOJZVAMBFM5N2F5P7SPXS4KF2L6MRPMQ7TJ,contribution,GBGHHIRBUNSHSFQ67DW5VMC6JGRECPSSIER25LO3X3CBMNBHJSBNUUIL,50,a9f96e56c55c173acf65ed917f85e7438d117a4cbd78e55e9976fbf40f5207fb,2026-08-20 20:42:10.986+00
120,16,CDPLF2WY4NH57MYABBKLSPOJZVAMBFM5N2F5P7SPXS4KF2L6MRPMQ7TJ,contribution,GDY53TC5D6CZ72IR2HWG3C5QLQ7YOBTUBSJKKZ43URKDGDANECZLDS4W,50,94242a1bff4c0014438a087ef1bbf3de63f9ae9608376ba3978a562014c7107e,2026-08-20 20:41:59.829+00
119,16,CDPLF2WY4NH57MYABBKLSPOJZVAMBFM5N2F5P7SPXS4KF2L6MRPMQ7TJ,contribution,GDP63TICX7ZX3IPXYEL4ZVGAGK7NTXW3IZANOMCIUE2SJBTMZSKRCJGT,50,9c40d253df47bc42219de9b5891d7850d00bfdd91ae6c112981eba0af1adecf4,2026-08-20 20:41:36.447+00
118,16,CDPLF2WY4NH57MYABBKLSPOJZVAMBFM5N2F5P7SPXS4KF2L6MRPMQ7TJ,circle_joined,GBGHHIRBUNSHSFQ67DW5VMC6JGRECPSSIER25LO3X3CBMNBHJSBNUUIL,5,9ccf18928edde46510b5c15a2354c7574c2cee8d8f4cb901326d20f0e5ed6bfd,2026-08-20 20:41:10.001+00
117,16,CDPLF2WY4NH57MYABBKLSPOJZVAMBFM5N2F5P7SPXS4KF2L6MRPMQ7TJ,circle_joined,GDP63TICX7ZX3IPXYEL4ZVGAGK7NTXW3IZANOMCIUE2SJBTMZSKRCJGT,5,7db85793a4a6397ac8a202d02543b2effe4600a883e5695e2d9e2e7923d679ef,2026-08-20 20:40:44.511+00
116,16,CDPLF2WY4NH57MYABBKLSPOJZVAMBFM5N2F5P7SPXS4KF2L6MRPMQ7TJ,circle_joined,GDY53TC5D6CZ72IR2HWG3C5QLQ7YOBTUBSJKKZ43URKDGDANECZLDS4W,5,feb2a912d6abd8d6417ad4cc03fc999fc8522602f0e728b2457a1a6ab65f30dd,2026-08-20 20:39:24.958+00
115,16,CDPLF2WY4NH57MYABBKLSPOJZVAMBFM5N2F5P7SPXS4KF2L6MRPMQ7TJ,circle_created,GDY53TC5D6CZ72IR2HWG3C5QLQ7YOBTUBSJKKZ43URKDGDANECZLDS4W,50,c2632634dd5d70322b7cff5cd86985f121c68f0dd823860a65d0d03a6176ba1c,2026-08-20 20:39:05.741+00
114,15,CDPLF2WY4NH57MYABBKLSPOJZVAMBFM5N2F5P7SPXS4KF2L6MRPMQ7TJ,contribution,GBJ5U4GX3ILNQMKAY27NNCYDDLNPWOQC7SFACQ4SGVFB5WQVYNAGBE5I,50,c0dee14d5646bde2b2f963ebdf7b4c4a6867707aa311c64386ff026bc206fdc9,2026-08-20 20:07:50.099+00
113,15,CDPLF2WY4NH57MYABBKLSPOJZVAMBFM5N2F5P7SPXS4KF2L6MRPMQ7TJ,contribution,GBFKSHPH42DTPAD2USXKJ7BQAHL3XUQ75DKIJXCR7RY35LGFEGZP5C6N,50,045aadcec959069d3773ee42749a8c1058906346ca940eb5da3dd2656b949738,2026-08-20 20:07:25.147+00
112,15,CDPLF2WY4NH57MYABBKLSPOJZVAMBFM5N2F5P7SPXS4KF2L6MRPMQ7TJ,contribution,GAKH2QXR6TUERN6JHRXGT6AW625X4PESSFWPON5CRQ6A2UFPRDMAAZ2F,50,5d609cdf67766ef19dcc845de0413221f528c4568882085213ba9a1d7493d3a6,2026-08-20 20:06:20.892+00
111,15,CDPLF2WY4NH57MYABBKLSPOJZVAMBFM5N2F5P7SPXS4KF2L6MRPMQ7TJ,circle_joined,GAKH2QXR6TUERN6JHRXGT6AW625X4PESSFWPON5CRQ6A2UFPRDMAAZ2F,5,3a84faf25d44237d50d25095892a420938b31f0dde73ac99cd81a8dcab6ed21b,2026-08-20 20:05:59.97+00
110,15,CDPLF2WY4NH57MYABBKLSPOJZVAMBFM5N2F5P7SPXS4KF2L6MRPMQ7TJ,circle_joined,GBJ5U4GX3ILNQMKAY27NNCYDDLNPWOQC7SFACQ4SGVFB5WQVYNAGBE5I,5,0dee792c8a6828649e714f5315014eee1acac850247034a94e88c9c688ce4379,2026-08-20 20:05:10.86+00
109,15,CDPLF2WY4NH57MYABBKLSPOJZVAMBFM5N2F5P7SPXS4KF2L6MRPMQ7TJ,circle_joined,GBFKSHPH42DTPAD2USXKJ7BQAHL3XUQ75DKIJXCR7RY35LGFEGZP5C6N,5,a2484e51a65ff7446f9e8448a32a88fcf33e28f580df1bc12a3b6ef71cf30bac,2026-08-20 20:04:25.679+00
108,15,CDPLF2WY4NH57MYABBKLSPOJZVAMBFM5N2F5P7SPXS4KF2L6MRPMQ7TJ,circle_created,GBFKSHPH42DTPAD2USXKJ7BQAHL3XUQ75DKIJXCR7RY35LGFEGZP5C6N,50,f90e5e6d36619613349fbd3503a6bfa3c278a57d1a284f4b777fc307c9056cfc,2026-08-20 20:03:59.672+00
107,14,CDPLF2WY4NH57MYABBKLSPOJZVAMBFM5N2F5P7SPXS4KF2L6MRPMQ7TJ,circle_created,GBFKSHPH42DTPAD2USXKJ7BQAHL3XUQ75DKIJXCR7RY35LGFEGZP5C6N,50,a6a287d9c75e96a3bd02f2698063ae74d1945ae9d0d37f3227d203aa32565f9d,2026-08-20 20:01:30.824+00
106,13,CDPLF2WY4NH57MYABBKLSPOJZVAMBFM5N2F5P7SPXS4KF2L6MRPMQ7TJ,contribution,GAWOVEXSD2WR5MTICBATLJ3P4S26UUJEWXMYNZPQTPM4UY325D5EZIBP,20,ec3e1341803fcc4ee7224e602600e5e18786b94e8c823295042c97ca414907b4,2026-08-20 19:44:40.168+00
105,13,CDPLF2WY4NH57MYABBKLSPOJZVAMBFM5N2F5P7SPXS4KF2L6MRPMQ7TJ,contribution,GAMX7AYLKU7XOJ6NBCWTSY3W5OSSOBS332M55UG2J5TH5NPCAY545QCM,20,63b557abb7c887102d786d1ebfadf6d470e3a5034aa7f1f929dd67be16c3379d,2026-08-20 19:44:29.617+00
104,13,CDPLF2WY4NH57MYABBKLSPOJZVAMBFM5N2F5P7SPXS4KF2L6MRPMQ7TJ,contribution,GCC2KQ7VC6AJIOONLP4QGYQAEPDMXUDLNVI5HNPE3XOO25CTWJ5RDPL5,20,0e1498d72f0a893e05a030fa63225096f98ecfd65d94e4f56a79bbb7d8248392,2026-08-20 19:44:15.535+00
103,13,CDPLF2WY4NH57MYABBKLSPOJZVAMBFM5N2F5P7SPXS4KF2L6MRPMQ7TJ,circle_joined,GAWOVEXSD2WR5MTICBATLJ3P4S26UUJEWXMYNZPQTPM4UY325D5EZIBP,2,c911b4f489c1f684aa98ad89dde8a9ac7accaec0e0ea2c745b7d0dc2f3f264ba,2026-08-20 19:43:48.755+00
102,13,CDPLF2WY4NH57MYABBKLSPOJZVAMBFM5N2F5P7SPXS4KF2L6MRPMQ7TJ,circle_joined,GCC2KQ7VC6AJIOONLP4QGYQAEPDMXUDLNVI5HNPE3XOO25CTWJ5RDPL5,2,32cf6143c0b310650303edc7cb8f9a09d5a43e704ab23b49e15bcce4839c8131,2026-08-20 19:43:14.744+00
101,13,CDPLF2WY4NH57MYABBKLSPOJZVAMBFM5N2F5P7SPXS4KF2L6MRPMQ7TJ,circle_joined,GAMX7AYLKU7XOJ6NBCWTSY3W5OSSOBS332M55UG2J5TH5NPCAY545QCM,2,e0880c8c6068547bc78a783a5c950449a2420be221acf87b34ee129466f5186b,2026-08-20 19:42:35.88+00
100,13,CDPLF2WY4NH57MYABBKLSPOJZVAMBFM5N2F5P7SPXS4KF2L6MRPMQ7TJ,circle_created,GAMX7AYLKU7XOJ6NBCWTSY3W5OSSOBS332M55UG2J5TH5NPCAY545QCM,20,65eb4cf7233b6385f4fa8b35f8eafc077ccb84d40e1dc8e76e814d36dfe9662e,2026-08-20 19:42:19.804+00
99,12,CDPLF2WY4NH57MYABBKLSPOJZVAMBFM5N2F5P7SPXS4KF2L6MRPMQ7TJ,contribution,GCYW27IEUQ7JL3WRTN6CGHMRNOZTKYH7KZZW5CREMEBFE3CRJNQDFGBF,null,815613373eb9246877bd3f7576cbe8c69730807748365d5d1aed7fc82f6be489,2026-08-20 18:43:07.969+00
98,12,CDPLF2WY4NH57MYABBKLSPOJZVAMBFM5N2F5P7SPXS4KF2L6MRPMQ7TJ,contribution,GCK62TJLXLBONAYYNQW5NDBENST32DBHUN3CJTKBJSB3EIE5WAQHXPPJ,null,db49b5bef1889168a9a142fb8f92a9537a7d917382de2ca15fdf36aad636284f,2026-08-20 18:42:57.109+00
97,12,CDPLF2WY4NH57MYABBKLSPOJZVAMBFM5N2F5P7SPXS4KF2L6MRPMQ7TJ,contribution,GDDUCJ53FTMAMEJXRRG2UDCP4KWFS3RNTXNA6MTYWOKRRH4TDFPAHLII,200,74bfe58fcba3f58a1339acc8e00996d651e297910a9bca854e38f81dae54f4d2,2026-08-20 18:42:46.031+00
96,12,CDPLF2WY4NH57MYABBKLSPOJZVAMBFM5N2F5P7SPXS4KF2L6MRPMQ7TJ,debt_repaid,GDDUCJ53FTMAMEJXRRG2UDCP4KWFS3RNTXNA6MTYWOKRRH4TDFPAHLII,200,7b2d320d369777cf8fd2ee354994d7a16240c463be88d0fa807cba4e9af1e01a,2026-08-20 18:42:32.799+00
95,12,CDPLF2WY4NH57MYABBKLSPOJZVAMBFM5N2F5P7SPXS4KF2L6MRPMQ7TJ,cycle_closed,GCYW27IEUQ7JL3WRTN6CGHMRNOZTKYH7KZZW5CREMEBFE3CRJNQDFGBF,null,fb774a7c0f108def25d10f124346adb644c01e7618b8a2755cfb1ea30d061d38,2026-08-20 18:41:56.836+00
94,12,CDPLF2WY4NH57MYABBKLSPOJZVAMBFM5N2F5P7SPXS4KF2L6MRPMQ7TJ,contribution,GCYW27IEUQ7JL3WRTN6CGHMRNOZTKYH7KZZW5CREMEBFE3CRJNQDFGBF,null,edadef40bc7961325f6c53e6b0e63d0fb1728e8a42a3668283a36292c51ca05a,2026-08-20 18:37:16.23+00
93,12,CDPLF2WY4NH57MYABBKLSPOJZVAMBFM5N2F5P7SPXS4KF2L6MRPMQ7TJ,contribution,GCK62TJLXLBONAYYNQW5NDBENST32DBHUN3CJTKBJSB3EIE5WAQHXPPJ,null,4a6e343469299d9ceeebf9143b18f0c029413fea84c0e81112636f71b30354d1,2026-08-20 18:37:01.269+00
92,12,CDPLF2WY4NH57MYABBKLSPOJZVAMBFM5N2F5P7SPXS4KF2L6MRPMQ7TJ,circle_joined,GCK62TJLXLBONAYYNQW5NDBENST32DBHUN3CJTKBJSB3EIE5WAQHXPPJ,null,592791c166dd5b6c0b173ee625b168a7bbe1884f046bb52972ff5b6fb7a62d70,2026-08-20 18:36:42.075+00
91,12,CDPLF2WY4NH57MYABBKLSPOJZVAMBFM5N2F5P7SPXS4KF2L6MRPMQ7TJ,circle_joined,GDDUCJ53FTMAMEJXRRG2UDCP4KWFS3RNTXNA6MTYWOKRRH4TDFPAHLII,null,c60b71766e1f107d0000fb533d09729a5f73bb0c9594fbc4660d3e51e3f38faf,2026-08-20 18:36:16.839+00
90,12,CDPLF2WY4NH57MYABBKLSPOJZVAMBFM5N2F5P7SPXS4KF2L6MRPMQ7TJ,circle_joined,GCYW27IEUQ7JL3WRTN6CGHMRNOZTKYH7KZZW5CREMEBFE3CRJNQDFGBF,null,4bfa1c03e276f19fde9c9d9379eb98d3aac9bb4a8661c1d79a45e21bbc110995,2026-08-20 18:35:39.675+00
89,12,CDPLF2WY4NH57MYABBKLSPOJZVAMBFM5N2F5P7SPXS4KF2L6MRPMQ7TJ,circle_created,GCYW27IEUQ7JL3WRTN6CGHMRNOZTKYH7KZZW5CREMEBFE3CRJNQDFGBF,200,b78e6c63c8775380d53ab303c2d980f748a079aaa3725b8f6a8da8e0b4853b8e,2026-08-20 18:35:25.533+00
88,11,CDPLF2WY4NH57MYABBKLSPOJZVAMBFM5N2F5P7SPXS4KF2L6MRPMQ7TJ,circle_joined,GDDUCJ53FTMAMEJXRRG2UDCP4KWFS3RNTXNA6MTYWOKRRH4TDFPAHLII,null,f498f2311b64d9d435dc1a844524482b294d4ad344bca958f21d92f85673d299,2026-08-20 18:34:05.841+00
87,11,CDPLF2WY4NH57MYABBKLSPOJZVAMBFM5N2F5P7SPXS4KF2L6MRPMQ7TJ,circle_joined,GCYW27IEUQ7JL3WRTN6CGHMRNOZTKYH7KZZW5CREMEBFE3CRJNQDFGBF,null,b96b7bcbadb4b23d0749090d1c9f913c63ee4b3571ec67dbefe932392900a470,2026-08-20 18:30:15.297+00
86,11,CDPLF2WY4NH57MYABBKLSPOJZVAMBFM5N2F5P7SPXS4KF2L6MRPMQ7TJ,circle_joined,GCK62TJLXLBONAYYNQW5NDBENST32DBHUN3CJTKBJSB3EIE5WAQHXPPJ,null,123df4b2ae70db1e4e787b87ed789488b4d3214297ad212d79d16280085909e3,2026-08-20 18:29:43.953+00
85,11,CDPLF2WY4NH57MYABBKLSPOJZVAMBFM5N2F5P7SPXS4KF2L6MRPMQ7TJ,circle_created,GCYW27IEUQ7JL3WRTN6CGHMRNOZTKYH7KZZW5CREMEBFE3CRJNQDFGBF,200,b905978f06f962435b2f4e8b1ba142c4308b4d0b191349d122bf951025c7256d,2026-08-20 18:28:30.457+00
84,10,CDPLF2WY4NH57MYABBKLSPOJZVAMBFM5N2F5P7SPXS4KF2L6MRPMQ7TJ,contribution,GAWOVEXSD2WR5MTICBATLJ3P4S26UUJEWXMYNZPQTPM4UY325D5EZIBP,null,e3c2e73b590d226236b77b067b2ca8152a947745a39cb2c46ca3d124dce50328,2026-08-20 13:12:43.641+00
83,10,CDPLF2WY4NH57MYABBKLSPOJZVAMBFM5N2F5P7SPXS4KF2L6MRPMQ7TJ,contribution,GAMX7AYLKU7XOJ6NBCWTSY3W5OSSOBS332M55UG2J5TH5NPCAY545QCM,null,fe6820bc7c998fcc60b4531e75289ed5589409f1b8555c327988730f4d90f035,2026-08-20 13:12:35.896+00
82,10,CDPLF2WY4NH57MYABBKLSPOJZVAMBFM5N2F5P7SPXS4KF2L6MRPMQ7TJ,contribution,GCC2KQ7VC6AJIOONLP4QGYQAEPDMXUDLNVI5HNPE3XOO25CTWJ5RDPL5,null,4b57d29819c1ddf183c2847ffa90407e93c7a951064100f841d21dce721dbae7,2026-08-20 13:12:31.094+00
81,10,CDPLF2WY4NH57MYABBKLSPOJZVAMBFM5N2F5P7SPXS4KF2L6MRPMQ7TJ,debt_repaid,GCC2KQ7VC6AJIOONLP4QGYQAEPDMXUDLNVI5HNPE3XOO25CTWJ5RDPL5,55,04eb1c1586c0189b47b895b014cba6d8cb0fc1ddf38858147ccc9906fc045691,2026-08-20 13:12:14.237+00
80,10,CDPLF2WY4NH57MYABBKLSPOJZVAMBFM5N2F5P7SPXS4KF2L6MRPMQ7TJ,cycle_closed,GAWOVEXSD2WR5MTICBATLJ3P4S26UUJEWXMYNZPQTPM4UY325D5EZIBP,null,33114f2eec1afc4d5f160cd8cdc63853f5f4dbe937756928a291605041da81f3,2026-08-20 13:11:59.277+00
79,10,CDPLF2WY4NH57MYABBKLSPOJZVAMBFM5N2F5P7SPXS4KF2L6MRPMQ7TJ,contribution,GAWOVEXSD2WR5MTICBATLJ3P4S26UUJEWXMYNZPQTPM4UY325D5EZIBP,null,62fe8cf72be2e97809e0861ac29668d1c52022472227f6d23affb19f0893acac,2026-08-20 13:06:42.827+00
78,10,CDPLF2WY4NH57MYABBKLSPOJZVAMBFM5N2F5P7SPXS4KF2L6MRPMQ7TJ,contribution,GAMX7AYLKU7XOJ6NBCWTSY3W5OSSOBS332M55UG2J5TH5NPCAY545QCM,null,2efaff4db7742b201d81280d57699c3191c1e894ab86bfcc129c575d3fadd250,2026-08-20 13:06:28.179+00
77,10,CDPLF2WY4NH57MYABBKLSPOJZVAMBFM5N2F5P7SPXS4KF2L6MRPMQ7TJ,cycle_closed,GAMX7AYLKU7XOJ6NBCWTSY3W5OSSOBS332M55UG2J5TH5NPCAY545QCM,null,457ca9a7f0fa034a30a544248f7680023a765d87de79823473582bc6ee373109,2026-08-20 13:06:19.426+00
76,10,CDPLF2WY4NH57MYABBKLSPOJZVAMBFM5N2F5P7SPXS4KF2L6MRPMQ7TJ,contribution,GAWOVEXSD2WR5MTICBATLJ3P4S26UUJEWXMYNZPQTPM4UY325D5EZIBP,null,f0f253760300a4c6f64fdc5f8172f601413d51ce32393f8e7fa1a9b0d58f30e1,2026-08-20 13:03:19.857+00
75,10,CDPLF2WY4NH57MYABBKLSPOJZVAMBFM5N2F5P7SPXS4KF2L6MRPMQ7TJ,contribution,GCC2KQ7VC6AJIOONLP4QGYQAEPDMXUDLNVI5HNPE3XOO25CTWJ5RDPL5,null,2a5e2b5c79d69c0832ba307e48d066dfe629a6f49e32ff2ab9b7545ab33e5ed7,2026-08-20 13:03:04.36+00
74,10,CDPLF2WY4NH57MYABBKLSPOJZVAMBFM5N2F5P7SPXS4KF2L6MRPMQ7TJ,contribution,GAMX7AYLKU7XOJ6NBCWTSY3W5OSSOBS332M55UG2J5TH5NPCAY545QCM,null,29c18d81e77d18880c42885dacd7832c511b204b65b953db798fa81cb3342691,2026-08-20 13:01:28.981+00
73,10,CDPLF2WY4NH57MYABBKLSPOJZVAMBFM5N2F5P7SPXS4KF2L6MRPMQ7TJ,circle_joined,GCC2KQ7VC6AJIOONLP4QGYQAEPDMXUDLNVI5HNPE3XOO25CTWJ5RDPL5,null,cb428cb43f2a9a157f2abc133da5f0cca829b16f4d6b039cef80a762e671b1d0,2026-08-20 13:01:09.396+00
72,10,CDPLF2WY4NH57MYABBKLSPOJZVAMBFM5N2F5P7SPXS4KF2L6MRPMQ7TJ,circle_joined,GAWOVEXSD2WR5MTICBATLJ3P4S26UUJEWXMYNZPQTPM4UY325D5EZIBP,null,6681d95f15f1f333f8cfbd20b90b4121f707addd0f14b02534cab1693145385a,2026-08-20 13:00:42.42+00
